num,percentage
1,0.9019345017391767
2,0.8718194594521752
3,0.8549556967875082
4,0.8401156542583849
5,0.8446295491896455
6,0.8386924285468513
7,0.8398733708685954
8,0.8425636559327212
9,0.8344755328887146
10,0.8289671286040318
11,0.8284444923319446
12,0.8363235543770511
13,0.8313240601957773
14,0.8247164458294706
15,0.825028929751254
16,0.8258218304885766
