num,percentage
1,0.9019345017391767
2,0.8674492079155651
3,0.6817295958326504
4,0.7578073048016963
5,0.8730981034134414
6,0.8194865451465206
7,0.8746340193312185
8,0.8596014993531552
9,0.8161480513658752
10,0.6547650162941887
11,0.8260458786646709
12,0.8949084060397283
13,0.7555493012897384
14,0.6836175386904499
15,0.8385964611676547
16,0.8412264409006823
