num,percentage
1,0.5261830778465344
2,0.5061757938695168
3,0.7453160851757339
4,0.775048131031143
5,0.7840123925841403
6,0.8101794973241988
7,0.8244265905023966
8,0.804977724470131
9,0.8027032886443952
10,0.8033482495362846
11,0.7894576012856563
12,0.7926067037945584
13,0.7912111304037958
14,0.797013890989746
15,0.7958456652753588
