num,percentage
1,0.596853597730464
2,0.367595911559073
3,0.6315293223612689
4,0.8917765157530984
5,0.7736500678780053
6,0.829774182777263
7,0.7862510273103444
8,0.612949195805063
9,0.594279258450819
10,0.7699409493527141
11,0.222327711105507
12,0.7676730388317147
13,0.8157218087978021
14,0.6968148788092743
15,0.8230845889779226
