num,percentage
1,0.8799243938968687
2,0.6511000093089645
3,0.4225597869250949
4,0.6701100344884218
5,0.8361466645677682
6,0.671050871390881
7,0.5313419325639285
8,0.42299921647638233
9,0.6360940209647311
10,0.5050719647355542
11,0.7813035410110695
12,0.6680056943285458
13,0.5408394237086906
14,0.3684464199646548
15,0.7147462077524163
16,0.6563478505272126
